{
  "name": "2",
  "lockfileVersion": 3,
  "requires": true,
  "packages": {
    "": {
      "dependencies": {
        "axios": "^1.7.7",
        "chalk": "^5.3.0",
        "chance": "^1.1.12",
        "cheerio": "^1.0.0",
        "colors": "^1.4.0",
        "fake-useragent": "^1.0.1",
        "faker": "^6.6.6",
        "gradient-string": "^2.0.2",
        "header-generator": "^2.1.55",
        "random-useragent": "^0.5.0",
        "randomstring": "^1.3.0",
        "request": "^2.88.2",
        "set-cookie-parser": "^2.7.0",
        "user-agents": "^1.1.323",
        "uuid": "^10.0.0"
      }
    },
    "node_modules/@sindresorhus/is": {
      "version": "4.6.0",
      "resolved": "https://registry.npmjs.org/@sindresorhus/is/-/is-4.6.0.tgz",
      "integrity": "sha512-t09vSN3MdfsyCHoFcTRCH/iUtG7OJ0CsjzB8cjAmKc/va/kIgeDI/TxsigdncE/4be734m0cvIYwNaV4i2XqAw==",
      "license": "MIT",
      "engines": {
        "node": ">=10"
      },
      "funding": {
        "url": "https://github.com/sindresorhus/is?sponsor=1"
      }
    },
    "node_modules/@types/tinycolor2": {
      "version": "1.4.6",
      "resolved": "https://registry.npmjs.org/@types/tinycolor2/-/tinycolor2-1.4.6.tgz",
      "integrity": "sha512-iEN8J0BoMnsWBqjVbWH/c0G0Hh7O21lpR2/+PrvAVgWdzL7eexIFm4JN/Wn10PTcmNdtS6U67r499mlWMXOxNw==",
      "license": "MIT"
    },
    "node_modules/adm-zip": {
      "version": "0.5.16",
      "resolved": "https://registry.npmjs.org/adm-zip/-/adm-zip-0.5.16.tgz",
      "integrity": "sha512-TGw5yVi4saajsSEgz25grObGHEUaDrniwvA2qwSC060KfqGPdglhvPMA2lPIoxs3PQIItj2iag35fONcQqgUaQ==",
      "license": "MIT",
      "engines": {
        "node": ">=12.0"
      }
    },
    "node_modules/ajv": {
      "version": "6.12.6",
      "resolved": "https://registry.npmjs.org/ajv/-/ajv-6.12.6.tgz",
      "integrity": "sha512-j3fVLgvTo527anyYyJOGTYJbG+vnnQYvE0m5mmkc1TK+nxAppkCLMIL0aZ4dblVCNoGShhm+kzE4ZUykBoMg4g==",
      "license": "MIT",
      "dependencies": {
        "fast-deep-equal": "^3.1.1",
        "fast-json-stable-stringify": "^2.0.0",
        "json-schema-traverse": "^0.4.1",
        "uri-js": "^4.2.2"
      },
      "funding": {
        "type": "github",
        "url": "https://github.com/sponsors/epoberezkin"
      }
    },
    "node_modules/ansi-styles": {
      "version": "4.3.0",
      "resolved": "https://registry.npmjs.org/ansi-styles/-/ansi-styles-4.3.0.tgz",
      "integrity": "sha512-zbB9rCJAT1rbjiVDb2hqKFHNYLxgtk8NURxZ3IZwD3F6NtxbXZQCnnSi1Lkx+IDohdPlFp222wVALIheZJQSEg==",
      "license": "MIT",
      "dependencies": {
        "color-convert": "^2.0.1"
      },
      "engines": {
        "node": ">=8"
      },
      "funding": {
        "url": "https://github.com/chalk/ansi-styles?sponsor=1"
      }
    },
    "node_modules/asn1": {
      "version": "0.2.6",
      "resolved": "https://registry.npmjs.org/asn1/-/asn1-0.2.6.tgz",
      "integrity": "sha512-ix/FxPn0MDjeyJ7i/yoHGFt/EX6LyNbxSEhPPXODPL+KB0VPk86UYfL0lMdy+KCnv+fmvIzySwaK5COwqVbWTQ==",
      "license": "MIT",
      "dependencies": {
        "safer-buffer": "~2.1.0"
      }
    },
    "node_modules/assert-plus": {
      "version": "1.0.0",
      "resolved": "https://registry.npmjs.org/assert-plus/-/assert-plus-1.0.0.tgz",
      "integrity": "sha512-NfJ4UzBCcQGLDlQq7nHxH+tv3kyZ0hHQqF5BO6J7tNJeP5do1llPr8dZ8zHonfhAu0PHAdMkSo+8o0wxg9lZWw==",
      "license": "MIT",
      "engines": {
        "node": ">=0.8"
      }
    },
    "node_modules/asynckit": {
      "version": "0.4.0",
      "resolved": "https://registry.npmjs.org/asynckit/-/asynckit-0.4.0.tgz",
      "integrity": "sha512-Oei9OH4tRh0YqU3GxhX79dM/mwVgvbZJaSNaRk+bshkj0S5cfHcgYakreBjrHwatXKbz+IoIdYLxrKim2MjW0Q==",
      "license": "MIT"
    },
    "node_modules/aws-sign2": {
      "version": "0.7.0",
      "resolved": "https://registry.npmjs.org/aws-sign2/-/aws-sign2-0.7.0.tgz",
      "integrity": "sha512-08kcGqnYf/YmjoRhfxyu+CLxBjUtHLXLXX/vUfx9l2LYzG3c1m61nrpyFUZI6zeS+Li/wWMMidD9KgrqtGq3mA==",
      "license": "Apache-2.0",
      "engines": {
        "node": "*"
      }
    },
    "node_modules/aws4": {
      "version": "1.13.2",
      "resolved": "https://registry.npmjs.org/aws4/-/aws4-1.13.2.tgz",
      "integrity": "sha512-lHe62zvbTB5eEABUVi/AwVh0ZKY9rMMDhmm+eeyuuUQbQ3+J+fONVQOZyj+DdrvD4BY33uYniyRJ4UJIaSKAfw==",
      "license": "MIT"
    },
    "node_modules/axios": {
      "version": "1.7.7",
      "resolved": "https://registry.npmjs.org/axios/-/axios-1.7.7.tgz",
      "integrity": "sha512-S4kL7XrjgBmvdGut0sN3yJxqYzrDOnivkBiN0OFs6hLiUam3UPvswUo0kqGyhqUZGEOytHyumEdXsAkgCOUf3Q==",
      "license": "MIT",
      "dependencies": {
        "follow-redirects": "^1.15.6",
        "form-data": "^4.0.0",
        "proxy-from-env": "^1.1.0"
      }
    },
    "node_modules/bcrypt-pbkdf": {
      "version": "1.0.2",
      "resolved": "https://registry.npmjs.org/bcrypt-pbkdf/-/bcrypt-pbkdf-1.0.2.tgz",
      "integrity": "sha512-qeFIXtP4MSoi6NLqO12WfqARWWuCKi2Rn/9hJLEmtB5yTNr9DqFWkJRCf2qShWzPeAMRnOgCrq0sg/KLv5ES9w==",
      "license": "BSD-3-Clause",
      "dependencies": {
        "tweetnacl": "^0.14.3"
      }
    },
    "node_modules/boolbase": {
      "version": "1.0.0",
      "resolved": "https://registry.npmjs.org/boolbase/-/boolbase-1.0.0.tgz",
      "integrity": "sha512-JZOSA7Mo9sNGB8+UjSgzdLtokWAky1zbztM3WRLCbZ70/3cTANmQmOdR7y2g+J0e2WXywy1yS468tY+IruqEww==",
      "license": "ISC"
    },
    "node_modules/browserslist": {
      "version": "4.23.3",
      "resolved": "https://registry.npmjs.org/browserslist/-/browserslist-4.23.3.tgz",
      "integrity": "sha512-btwCFJVjI4YWDNfau8RhZ+B1Q/VLoUITrm3RlP6y1tYGWIOa+InuYiRGXUBXo8nA1qKmHMyLB/iVQg5TT4eFoA==",
      "funding": [
        {
          "type": "opencollective",
          "url": "https://opencollective.com/browserslist"
        },
        {
          "type": "tidelift",
          "url": "https://tidelift.com/funding/github/npm/browserslist"
        },
        {
          "type": "github",
          "url": "https://github.com/sponsors/ai"
        }
      ],
      "license": "MIT",
      "dependencies": {
        "caniuse-lite": "^1.0.30001646",
        "electron-to-chromium": "^1.5.4",
        "node-releases": "^2.0.18",
        "update-browserslist-db": "^1.1.0"
      },
      "bin": {
        "browserslist": "cli.js"
      },
      "engines": {
        "node": "^6 || ^7 || ^8 || ^9 || ^10 || ^11 || ^12 || >=13.7"
      }
    },
    "node_modules/callsites": {
      "version": "3.1.0",
      "resolved": "https://registry.npmjs.org/callsites/-/callsites-3.1.0.tgz",
      "integrity": "sha512-P8BjAsXvZS+VIDUI11hHCQEv74YT67YUi5JJFNWIqL235sBmjX4+qx9Muvls5ivyNENctx46xQLQ3aTuE7ssaQ==",
      "license": "MIT",
      "engines": {
        "node": ">=6"
      }
    },
    "node_modules/caniuse-lite": {
      "version": "1.0.30001660",
      "resolved": "https://registry.npmjs.org/caniuse-lite/-/caniuse-lite-1.0.30001660.tgz",
      "integrity": "sha512-GacvNTTuATm26qC74pt+ad1fW15mlQ/zuTzzY1ZoIzECTP8HURDfF43kNxPgf7H1jmelCBQTTbBNxdSXOA7Bqg==",
      "funding": [
        {
          "type": "opencollective",
          "url": "https://opencollective.com/browserslist"
        },
        {
          "type": "tidelift",
          "url": "https://tidelift.com/funding/github/npm/caniuse-lite"
        },
        {
          "type": "github",
          "url": "https://github.com/sponsors/ai"
        }
      ],
      "license": "CC-BY-4.0"
    },
    "node_modules/caseless": {
      "version": "0.12.0",
      "resolved": "https://registry.npmjs.org/caseless/-/caseless-0.12.0.tgz",
      "integrity": "sha512-4tYFyifaFfGacoiObjJegolkwSU4xQNGbVgUiNYVUxbQ2x2lUsFvY4hVgVzGiIe6WLOPqycWXA40l+PWsxthUw==",
      "license": "Apache-2.0"
    },
    "node_modules/chalk": {
      "version": "5.3.0",
      "resolved": "https://registry.npmjs.org/chalk/-/chalk-5.3.0.tgz",
      "integrity": "sha512-dLitG79d+GV1Nb/VYcCDFivJeK1hiukt9QjRNVOsUtTy1rR1YJsmpGGTZ3qJos+uw7WmWF4wUwBd9jxjocFC2w==",
      "license": "MIT",
      "engines": {
        "node": "^12.17.0 || ^14.13 || >=16.0.0"
      },
      "funding": {
        "url": "https://github.com/chalk/chalk?sponsor=1"
      }
    },
    "node_modules/chance": {
      "version": "1.1.12",
      "resolved": "https://registry.npmjs.org/chance/-/chance-1.1.12.tgz",
      "integrity": "sha512-vVBIGQVnwtUG+SYe0ge+3MvF78cvSpuCOEUJr7sVEk2vSBuMW6OXNJjSzdtzrlxNUEaoqH2GBd5Y/+18BEB01Q==",
      "license": "MIT"
    },
    "node_modules/cheerio": {
      "version": "1.0.0",
      "resolved": "https://registry.npmjs.org/cheerio/-/cheerio-1.0.0.tgz",
      "integrity": "sha512-quS9HgjQpdaXOvsZz82Oz7uxtXiy6UIsIQcpBj7HRw2M63Skasm9qlDocAM7jNuaxdhpPU7c4kJN+gA5MCu4ww==",
      "license": "MIT",
      "dependencies": {
        "cheerio-select": "^2.1.0",
        "dom-serializer": "^2.0.0",
        "domhandler": "^5.0.3",
        "domutils": "^3.1.0",
        "encoding-sniffer": "^0.2.0",
        "htmlparser2": "^9.1.0",
        "parse5": "^7.1.2",
        "parse5-htmlparser2-tree-adapter": "^7.0.0",
        "parse5-parser-stream": "^7.1.2",
        "undici": "^6.19.5",
        "whatwg-mimetype": "^4.0.0"
      },
      "engines": {
        "node": ">=18.17"
      },
      "funding": {
        "url": "https://github.com/cheeriojs/cheerio?sponsor=1"
      }
    },
    "node_modules/cheerio-select": {
      "version": "2.1.0",
      "resolved": "https://registry.npmjs.org/cheerio-select/-/cheerio-select-2.1.0.tgz",
      "integrity": "sha512-9v9kG0LvzrlcungtnJtpGNxY+fzECQKhK4EGJX2vByejiMX84MFNQw4UxPJl3bFbTMw+Dfs37XaIkCwTZfLh4g==",
      "license": "BSD-2-Clause",
      "dependencies": {
        "boolbase": "^1.0.0",
        "css-select": "^5.1.0",
        "css-what": "^6.1.0",
        "domelementtype": "^2.3.0",
        "domhandler": "^5.0.3",
        "domutils": "^3.0.1"
      },
      "funding": {
        "url": "https://github.com/sponsors/fb55"
      }
    },
    "node_modules/color-convert": {
      "version": "2.0.1",
      "resolved": "https://registry.npmjs.org/color-convert/-/color-convert-2.0.1.tgz",
      "integrity": "sha512-RRECPsj7iu/xb5oKYcsFHSppFNnsj/52OVTRKb4zP5onXwVF3zVmmToNcOfGC+CRDpfK/U584fMg38ZHCaElKQ==",
      "license": "MIT",
      "dependencies": {
        "color-name": "~1.1.4"
      },
      "engines": {
        "node": ">=7.0.0"
      }
    },
    "node_modules/color-name": {
      "version": "1.1.4",
      "resolved": "https://registry.npmjs.org/color-name/-/color-name-1.1.4.tgz",
      "integrity": "sha512-dOy+3AuW3a2wNbZHIuMZpTcgjGuLU/uBL/ubcZF9OXbDo8ff4O8yVp5Bf0efS8uEoYo5q4Fx7dY9OgQGXgAsQA==",
      "license": "MIT"
    },
    "node_modules/colors": {
      "version": "1.4.0",
      "resolved": "https://registry.npmjs.org/colors/-/colors-1.4.0.tgz",
      "integrity": "sha512-a+UqTh4kgZg/SlGvfbzDHpgRu7AAQOmmqRHJnxhRZICKFUT91brVhNNt58CMWU9PsBbv3PDCZUHbVxuDiH2mtA==",
      "license": "MIT",
      "engines": {
        "node": ">=0.1.90"
      }
    },
    "node_modules/combined-stream": {
      "version": "1.0.8",
      "resolved": "https://registry.npmjs.org/combined-stream/-/combined-stream-1.0.8.tgz",
      "integrity": "sha512-FQN4MRfuJeHf7cBbBMJFXhKSDq+2kAArBlmRBvcvFE5BB1HZKXtSFASDhdlz9zOYwxh8lDdnvmMOe/+5cdoEdg==",
      "license": "MIT",
      "dependencies": {
        "delayed-stream": "~1.0.0"
      },
      "engines": {
        "node": ">= 0.8"
      }
    },
    "node_modules/core-util-is": {
      "version": "1.0.2",
      "resolved": "https://registry.npmjs.org/core-util-is/-/core-util-is-1.0.2.tgz",
      "integrity": "sha512-3lqz5YjWTYnW6dlDa5TLaTCcShfar1e40rmcJVwCBJC6mWlFuj0eCHIElmG1g5kyuJ/GD+8Wn4FFCcz4gJPfaQ==",
      "license": "MIT"
    },
    "node_modules/css-select": {
      "version": "5.1.0",
      "resolved": "https://registry.npmjs.org/css-select/-/css-select-5.1.0.tgz",
      "integrity": "sha512-nwoRF1rvRRnnCqqY7updORDsuqKzqYJ28+oSMaJMMgOauh3fvwHqMS7EZpIPqK8GL+g9mKxF1vP/ZjSeNjEVHg==",
      "license": "BSD-2-Clause",
      "dependencies": {
        "boolbase": "^1.0.0",
        "css-what": "^6.1.0",
        "domhandler": "^5.0.2",
        "domutils": "^3.0.1",
        "nth-check": "^2.0.1"
      },
      "funding": {
        "url": "https://github.com/sponsors/fb55"
      }
    },
    "node_modules/css-what": {
      "version": "6.1.0",
      "resolved": "https://registry.npmjs.org/css-what/-/css-what-6.1.0.tgz",
      "integrity": "sha512-HTUrgRJ7r4dsZKU6GjmpfRK1O76h97Z8MfS1G0FozR+oF2kG6Vfe8JE6zwrkbxigziPHinCJ+gCPjA9EaBDtRw==",
      "license": "BSD-2-Clause",
      "engines": {
        "node": ">= 6"
      },
      "funding": {
        "url": "https://github.com/sponsors/fb55"
      }
    },
    "node_modules/dashdash": {
      "version": "1.14.1",
      "resolved": "https://registry.npmjs.org/dashdash/-/dashdash-1.14.1.tgz",
      "integrity": "sha512-jRFi8UDGo6j+odZiEpjazZaWqEal3w/basFjQHQEwVtZJGDpxbH1MeYluwCS8Xq5wmLJooDlMgvVarmWfGM44g==",
      "license": "MIT",
      "dependencies": {
        "assert-plus": "^1.0.0"
      },
      "engines": {
        "node": ">=0.10"
      }
    },
    "node_modules/delayed-stream": {
      "version": "1.0.0",
      "resolved": "https://registry.npmjs.org/delayed-stream/-/delayed-stream-1.0.0.tgz",
      "integrity": "sha512-ZySD7Nf91aLB0RxL4KGrKHBXl7Eds1DAmEdcoVawXnLD7SDhpNgtuII2aAkg7a7QS41jxPSZ17p4VdGnMHk3MQ==",
      "license": "MIT",
      "engines": {
        "node": ">=0.4.0"
      }
    },
    "node_modules/dom-serializer": {
      "version": "2.0.0",
      "resolved": "https://registry.npmjs.org/dom-serializer/-/dom-serializer-2.0.0.tgz",
      "integrity": "sha512-wIkAryiqt/nV5EQKqQpo3SToSOV9J0DnbJqwK7Wv/Trc92zIAYZ4FlMu+JPFW1DfGFt81ZTCGgDEabffXeLyJg==",
      "license": "MIT",
      "dependencies": {
        "domelementtype": "^2.3.0",
        "domhandler": "^5.0.2",
        "entities": "^4.2.0"
      },
      "funding": {
        "url": "https://github.com/cheeriojs/dom-serializer?sponsor=1"
      }
    },
    "node_modules/domelementtype": {
      "version": "2.3.0",
      "resolved": "https://registry.npmjs.org/domelementtype/-/domelementtype-2.3.0.tgz",
      "integrity": "sha512-OLETBj6w0OsagBwdXnPdN0cnMfF9opN69co+7ZrbfPGrdpPVNBUj02spi6B1N7wChLQiPn4CSH/zJvXw56gmHw==",
      "funding": [
        {
          "type": "github",
          "url": "https://github.com/sponsors/fb55"
        }
      ],
      "license": "BSD-2-Clause"
    },
    "node_modules/domhandler": {
      "version": "5.0.3",
      "resolved": "https://registry.npmjs.org/domhandler/-/domhandler-5.0.3.tgz",
      "integrity": "sha512-cgwlv/1iFQiFnU96XXgROh8xTeetsnJiDsTc7TYCLFd9+/WNkIqPTxiM/8pSd8VIrhXGTf1Ny1q1hquVqDJB5w==",
      "license": "BSD-2-Clause",
      "dependencies": {
        "domelementtype": "^2.3.0"
      },
      "engines": {
        "node": ">= 4"
      },
      "funding": {
        "url": "https://github.com/fb55/domhandler?sponsor=1"
      }
    },
    "node_modules/domutils": {
      "version": "3.1.0",
      "resolved": "https://registry.npmjs.org/domutils/-/domutils-3.1.0.tgz",
      "integrity": "sha512-H78uMmQtI2AhgDJjWeQmHwJJ2bLPD3GMmO7Zja/ZZh84wkm+4ut+IUnUdRa8uCGX88DiVx1j6FRe1XfxEgjEZA==",
      "license": "BSD-2-Clause",
      "dependencies": {
        "dom-serializer": "^2.0.0",
        "domelementtype": "^2.3.0",
        "domhandler": "^5.0.3"
      },
      "funding": {
        "url": "https://github.com/fb55/domutils?sponsor=1"
      }
    },
    "node_modules/dot-prop": {
      "version": "6.0.1",
      "resolved": "https://registry.npmjs.org/dot-prop/-/dot-prop-6.0.1.tgz",
      "integrity": "sha512-tE7ztYzXHIeyvc7N+hR3oi7FIbf/NIjVP9hmAt3yMXzrQ072/fpjGLx2GxNxGxUl5V73MEqYzioOMoVhGMJ5cA==",
      "license": "MIT",
      "dependencies": {
        "is-obj": "^2.0.0"
      },
      "engines": {
        "node": ">=10"
      },
      "funding": {
        "url": "https://github.com/sponsors/sindresorhus"
      }
    },
    "node_modules/ecc-jsbn": {
      "version": "0.1.2",
      "resolved": "https://registry.npmjs.org/ecc-jsbn/-/ecc-jsbn-0.1.2.tgz",
      "integrity": "sha512-eh9O+hwRHNbG4BLTjEl3nw044CkGm5X6LoaCf7LPp7UU8Qrt47JYNi6nPX8xjW97TKGKm1ouctg0QSpZe9qrnw==",
      "license": "MIT",
      "dependencies": {
        "jsbn": "~0.1.0",
        "safer-buffer": "^2.1.0"
      }
    },
    "node_modules/electron-to-chromium": {
      "version": "1.5.20",
      "resolved": "https://registry.npmjs.org/electron-to-chromium/-/electron-to-chromium-1.5.20.tgz",
      "integrity": "sha512-74mdl6Fs1HHzK9SUX4CKFxAtAe3nUns48y79TskHNAG6fGOlLfyKA4j855x+0b5u8rWJIrlaG9tcTPstMlwjIw==",
      "license": "ISC"
    },
    "node_modules/encoding-sniffer": {
      "version": "0.2.0",
      "resolved": "https://registry.npmjs.org/encoding-sniffer/-/encoding-sniffer-0.2.0.tgz",
      "integrity": "sha512-ju7Wq1kg04I3HtiYIOrUrdfdDvkyO9s5XM8QAj/bN61Yo/Vb4vgJxy5vi4Yxk01gWHbrofpPtpxM8bKger9jhg==",
      "license": "MIT",
      "dependencies": {
        "iconv-lite": "^0.6.3",
        "whatwg-encoding": "^3.1.1"
      },
      "funding": {
        "url": "https://github.com/fb55/encoding-sniffer?sponsor=1"
      }
    },
    "node_modules/entities": {
      "version": "4.5.0",
      "resolved": "https://registry.npmjs.org/entities/-/entities-4.5.0.tgz",
      "integrity": "sha512-V0hjH4dGPh9Ao5p0MoRY6BVqtwCjhz6vI5LT8AJ55H+4g9/4vbHx1I54fS0XuclLhDHArPQCiMjDxjaL8fPxhw==",
      "license": "BSD-2-Clause",
      "engines": {
        "node": ">=0.12"
      },
      "funding": {
        "url": "https://github.com/fb55/entities?sponsor=1"
      }
    },
    "node_modules/escalade": {
      "version": "3.2.0",
      "resolved": "https://registry.npmjs.org/escalade/-/escalade-3.2.0.tgz",
      "integrity": "sha512-WUj2qlxaQtO4g6Pq5c29GTcWGDyd8itL8zTlipgECz3JesAiiOKotd8JU6otB3PACgG6xkJUyVhboMS+bje/jA==",
      "license": "MIT",
      "engines": {
        "node": ">=6"
      }
    },
    "node_modules/extend": {
      "version": "3.0.2",
      "resolved": "https://registry.npmjs.org/extend/-/extend-3.0.2.tgz",
      "integrity": "sha512-fjquC59cD7CyW6urNXK0FBufkZcoiGG80wTuPujX590cB5Ttln20E2UB4S/WARVqhXffZl2LNgS+gQdPIIim/g==",
      "license": "MIT"
    },
    "node_modules/extsprintf": {
      "version": "1.3.0",
      "resolved": "https://registry.npmjs.org/extsprintf/-/extsprintf-1.3.0.tgz",
      "integrity": "sha512-11Ndz7Nv+mvAC1j0ktTa7fAb0vLyGGX+rMHNBYQviQDGU0Hw7lhctJANqbPhu9nV9/izT/IntTgZ7Im/9LJs9g==",
      "engines": [
        "node >=0.6.0"
      ],
      "license": "MIT"
    },
    "node_modules/fake-useragent": {
      "version": "1.0.1",
      "resolved": "https://registry.npmjs.org/fake-useragent/-/fake-useragent-1.0.1.tgz",
      "integrity": "sha512-BOQh1TM//DhrVaeZ+b3w3s4E40rfYcDTn5aoSM2w1xVsZVGglNOzPR5H8KDO8NmF8sT4ppxyb4/MHGIHfZsVDA==",
      "license": "Apache-2.0"
    },
    "node_modules/faker": {
      "version": "6.6.6",
      "resolved": "https://registry.npmjs.org/faker/-/faker-6.6.6.tgz",
      "integrity": "sha512-9tCqYEDHI5RYFQigXFwF1hnCwcWCOJl/hmll0lr5D2Ljjb0o4wphb69wikeJDz5qCEzXCoPvG6ss5SDP6IfOdg==",
      "license": "MIT"
    },
    "node_modules/fast-deep-equal": {
      "version": "3.1.3",
      "resolved": "https://registry.npmjs.org/fast-deep-equal/-/fast-deep-equal-3.1.3.tgz",
      "integrity": "sha512-f3qQ9oQy9j2AhBe/H9VC91wLmKBCCU/gDOnKNAYG5hswO7BLKj09Hc5HYNz9cGI++xlpDCIgDaitVs03ATR84Q==",
      "license": "MIT"
    },
    "node_modules/fast-json-stable-stringify": {
      "version": "2.1.0",
      "resolved": "https://registry.npmjs.org/fast-json-stable-stringify/-/fast-json-stable-stringify-2.1.0.tgz",
      "integrity": "sha512-lhd/wF+Lk98HZoTCtlVraHtfh5XYijIjalXck7saUtuanSDyLMxnHhSXEDJqHxD7msR8D0uCmqlkwjCV8xvwHw==",
      "license": "MIT"
    },
    "node_modules/follow-redirects": {
      "version": "1.15.9",
      "resolved": "https://registry.npmjs.org/follow-redirects/-/follow-redirects-1.15.9.tgz",
      "integrity": "sha512-gew4GsXizNgdoRyqmyfMHyAmXsZDk6mHkSxZFCzW9gwlbtOW44CDtYavM+y+72qD/Vq2l550kMF52DT8fOLJqQ==",
      "funding": [
        {
          "type": "individual",
          "url": "https://github.com/sponsors/RubenVerborgh"
        }
      ],
      "license": "MIT",
      "engines": {
        "node": ">=4.0"
      },
      "peerDependenciesMeta": {
        "debug": {
          "optional": true
        }
      }
    },
    "node_modules/forever-agent": {
      "version": "0.6.1",
      "resolved": "https://registry.npmjs.org/forever-agent/-/forever-agent-0.6.1.tgz",
      "integrity": "sha512-j0KLYPhm6zeac4lz3oJ3o65qvgQCcPubiyotZrXqEaG4hNagNYO8qdlUrX5vwqv9ohqeT/Z3j6+yW067yWWdUw==",
      "license": "Apache-2.0",
      "engines": {
        "node": "*"
      }
    },
    "node_modules/form-data": {
      "version": "4.0.0",
      "resolved": "https://registry.npmjs.org/form-data/-/form-data-4.0.0.tgz",
      "integrity": "sha512-ETEklSGi5t0QMZuiXoA/Q6vcnxcLQP5vdugSpuAyi6SVGi2clPPp+xgEhuMaHC+zGgn31Kd235W35f7Hykkaww==",
      "license": "MIT",
      "dependencies": {
        "asynckit": "^0.4.0",
        "combined-stream": "^1.0.8",
        "mime-types": "^2.1.12"
      },
      "engines": {
        "node": ">= 6"
      }
    },
    "node_modules/generative-bayesian-network": {
      "version": "2.1.55",
      "resolved": "https://registry.npmjs.org/generative-bayesian-network/-/generative-bayesian-network-2.1.55.tgz",
      "integrity": "sha512-igqQZTtS4GFwkDWA5gFWQye9Lmkx184Y17+x9flFq8HC68RVuuQGPeQtBFdMMlnac7/2Bq1n+1rkp4S8ZAu7kA==",
      "license": "Apache-2.0",
      "dependencies": {
        "adm-zip": "^0.5.9",
        "tslib": "^2.4.0"
      }
    },
    "node_modules/getpass": {
      "version": "0.1.7",
      "resolved": "https://registry.npmjs.org/getpass/-/getpass-0.1.7.tgz",
      "integrity": "sha512-0fzj9JxOLfJ+XGLhR8ze3unN0KZCgZwiSSDz168VERjK8Wl8kVSdcu2kspd4s4wtAa1y/qrVRiAA0WclVsu0ng==",
      "license": "MIT",
      "dependencies": {
        "assert-plus": "^1.0.0"
      }
    },
    "node_modules/gradient-string": {
      "version": "2.0.2",
      "resolved": "https://registry.npmjs.org/gradient-string/-/gradient-string-2.0.2.tgz",
      "integrity": "sha512-rEDCuqUQ4tbD78TpzsMtt5OIf0cBCSDWSJtUDaF6JsAh+k0v9r++NzxNEG87oDZx9ZwGhD8DaezR2L/yrw0Jdw==",
      "license": "MIT",
      "dependencies": {
        "chalk": "^4.1.2",
        "tinygradient": "^1.1.5"
      },
      "engines": {
        "node": ">=10"
      }
    },
    "node_modules/gradient-string/node_modules/chalk": {
      "version": "4.1.2",
      "resolved": "https://registry.npmjs.org/chalk/-/chalk-4.1.2.tgz",
      "integrity": "sha512-oKnbhFyRIXpUuez8iBMmyEa4nbj4IOQyuhc/wy9kY7/WVPcwIO9VA668Pu8RkO7+0G76SLROeyw9CpQ061i4mA==",
      "license": "MIT",
      "dependencies": {
        "ansi-styles": "^4.1.0",
        "supports-color": "^7.1.0"
      },
      "engines": {
        "node": ">=10"
      },
      "funding": {
        "url": "https://github.com/chalk/chalk?sponsor=1"
      }
    },
    "node_modules/har-schema": {
      "version": "2.0.0",
      "resolved": "https://registry.npmjs.org/har-schema/-/har-schema-2.0.0.tgz",
      "integrity": "sha512-Oqluz6zhGX8cyRaTQlFMPw80bSJVG2x/cFb8ZPhUILGgHka9SsokCCOQgpveePerqidZOrT14ipqfJb7ILcW5Q==",
      "license": "ISC",
      "engines": {
        "node": ">=4"
      }
    },
    "node_modules/har-validator": {
      "version": "5.1.5",
      "resolved": "https://registry.npmjs.org/har-validator/-/har-validator-5.1.5.tgz",
      "integrity": "sha512-nmT2T0lljbxdQZfspsno9hgrG3Uir6Ks5afism62poxqBM6sDnMEuPmzTq8XN0OEwqKLLdh1jQI3qyE66Nzb3w==",
      "deprecated": "this library is no longer supported",
      "license": "MIT",
      "dependencies": {
        "ajv": "^6.12.3",
        "har-schema": "^2.0.0"
      },
      "engines": {
        "node": ">=6"
      }
    },
    "node_modules/has-flag": {
      "version": "4.0.0",
      "resolved": "https://registry.npmjs.org/has-flag/-/has-flag-4.0.0.tgz",
      "integrity": "sha512-EykJT/Q1KjTWctppgIAgfSO0tKVuZUjhgMr17kqTumMl6Afv3EISleU7qZUzoXDFTAHTDC4NOoG/ZxU3EvlMPQ==",
      "license": "MIT",
      "engines": {
        "node": ">=8"
      }
    },
    "node_modules/header-generator": {
      "version": "2.1.55",
      "resolved": "https://registry.npmjs.org/header-generator/-/header-generator-2.1.55.tgz",
      "integrity": "sha512-UeR5q/hGY6o78wH9T5hBIdhTQ7kraw90jb+bhAuvcpEI6aEfzguYhNf33uxT2qbnOoSg8hFd0YCJtiEqujMPRg==",
      "license": "Apache-2.0",
      "dependencies": {
        "browserslist": "^4.21.1",
        "generative-bayesian-network": "^2.1.55",
        "ow": "^0.28.1",
        "tslib": "^2.4.0"
      },
      "engines": {
        "node": ">=16.0.0"
      }
    },
    "node_modules/htmlparser2": {
      "version": "9.1.0",
      "resolved": "https://registry.npmjs.org/htmlparser2/-/htmlparser2-9.1.0.tgz",
      "integrity": "sha512-5zfg6mHUoaer/97TxnGpxmbR7zJtPwIYFMZ/H5ucTlPZhKvtum05yiPK3Mgai3a0DyVxv7qYqoweaEd2nrYQzQ==",
      "funding": [
        "https://github.com/fb55/htmlparser2?sponsor=1",
        {
          "type": "github",
          "url": "https://github.com/sponsors/fb55"
        }
      ],
      "license": "MIT",
      "dependencies": {
        "domelementtype": "^2.3.0",
        "domhandler": "^5.0.3",
        "domutils": "^3.1.0",
        "entities": "^4.5.0"
      }
    },
    "node_modules/http-signature": {
      "version": "1.2.0",
      "resolved": "https://registry.npmjs.org/http-signature/-/http-signature-1.2.0.tgz",
      "integrity": "sha512-CAbnr6Rz4CYQkLYUtSNXxQPUH2gK8f3iWexVlsnMeD+GjlsQ0Xsy1cOX+mN3dtxYomRy21CiOzU8Uhw6OwncEQ==",
      "license": "MIT",
      "dependencies": {
        "assert-plus": "^1.0.0",
        "jsprim": "^1.2.2",
        "sshpk": "^1.7.0"
      },
      "engines": {
        "node": ">=0.8",
        "npm": ">=1.3.7"
      }
    },
    "node_modules/iconv-lite": {
      "version": "0.6.3",
      "resolved": "https://registry.npmjs.org/iconv-lite/-/iconv-lite-0.6.3.tgz",
      "integrity": "sha512-4fCk79wshMdzMp2rH06qWrJE4iolqLhCUH+OiuIgU++RB0+94NlDL81atO7GX55uUKueo0txHNtvEyI6D7WdMw==",
      "license": "MIT",
      "dependencies": {
        "safer-buffer": ">= 2.1.2 < 3.0.0"
      },
      "engines": {
        "node": ">=0.10.0"
      }
    },
    "node_modules/is-obj": {
      "version": "2.0.0",
      "resolved": "https://registry.npmjs.org/is-obj/-/is-obj-2.0.0.tgz",
      "integrity": "sha512-drqDG3cbczxxEJRoOXcOjtdp1J/lyp1mNn0xaznRs8+muBhgQcrnbspox5X5fOw0HnMnbfDzvnEMEtqDEJEo8w==",
      "license": "MIT",
      "engines": {
        "node": ">=8"
      }
    },
    "node_modules/is-typedarray": {
      "version": "1.0.0",
      "resolved": "https://registry.npmjs.org/is-typedarray/-/is-typedarray-1.0.0.tgz",
      "integrity": "sha512-cyA56iCMHAh5CdzjJIa4aohJyeO1YbwLi3Jc35MmRU6poroFjIGZzUzupGiRPOjgHg9TLu43xbpwXk523fMxKA==",
      "license": "MIT"
    },
    "node_modules/isstream": {
      "version": "0.1.2",
      "resolved": "https://registry.npmjs.org/isstream/-/isstream-0.1.2.tgz",
      "integrity": "sha512-Yljz7ffyPbrLpLngrMtZ7NduUgVvi6wG9RJ9IUcyCd59YQ911PBJphODUcbOVbqYfxe1wuYf/LJ8PauMRwsM/g==",
      "license": "MIT"
    },
    "node_modules/jsbn": {
      "version": "0.1.1",
      "resolved": "https://registry.npmjs.org/jsbn/-/jsbn-0.1.1.tgz",
      "integrity": "sha512-UVU9dibq2JcFWxQPA6KCqj5O42VOmAY3zQUfEKxU0KpTGXwNoCjkX1e13eHNvw/xPynt6pU0rZ1htjWTNTSXsg==",
      "license": "MIT"
    },
    "node_modules/json-schema": {
      "version": "0.4.0",
      "resolved": "https://registry.npmjs.org/json-schema/-/json-schema-0.4.0.tgz",
      "integrity": "sha512-es94M3nTIfsEPisRafak+HDLfHXnKBhV3vU5eqPcS3flIWqcxJWgXHXiey3YrpaNsanY5ei1VoYEbOzijuq9BA==",
      "license": "(AFL-2.1 OR BSD-3-Clause)"
    },
    "node_modules/json-schema-traverse": {
      "version": "0.4.1",
      "resolved": "https://registry.npmjs.org/json-schema-traverse/-/json-schema-traverse-0.4.1.tgz",
      "integrity": "sha512-xbbCH5dCYU5T8LcEhhuh7HJ88HXuW3qsI3Y0zOZFKfZEHcpWiHU/Jxzk629Brsab/mMiHQti9wMP+845RPe3Vg==",
      "license": "MIT"
    },
    "node_modules/json-stringify-safe": {
      "version": "5.0.1",
      "resolved": "https://registry.npmjs.org/json-stringify-safe/-/json-stringify-safe-5.0.1.tgz",
      "integrity": "sha512-ZClg6AaYvamvYEE82d3Iyd3vSSIjQ+odgjaTzRuO3s7toCdFKczob2i0zCh7JE8kWn17yvAWhUVxvqGwUalsRA==",
      "license": "ISC"
    },
    "node_modules/jsprim": {
      "version": "1.4.2",
      "resolved": "https://registry.npmjs.org/jsprim/-/jsprim-1.4.2.tgz",
      "integrity": "sha512-P2bSOMAc/ciLz6DzgjVlGJP9+BrJWu5UDGK70C2iweC5QBIeFf0ZXRvGjEj2uYgrY2MkAAhsSWHDWlFtEroZWw==",
      "license": "MIT",
      "dependencies": {
        "assert-plus": "1.0.0",
        "extsprintf": "1.3.0",
        "json-schema": "0.4.0",
        "verror": "1.10.0"
      },
      "engines": {
        "node": ">=0.6.0"
      }
    },
    "node_modules/lodash.clonedeep": {
      "version": "4.5.0",
      "resolved": "https://registry.npmjs.org/lodash.clonedeep/-/lodash.clonedeep-4.5.0.tgz",
      "integrity": "sha512-H5ZhCF25riFd9uB5UCkVKo61m3S/xZk1x4wA6yp/L3RFP6Z/eHH1ymQcGLo7J3GMPfm0V/7m1tryHuGVxpqEBQ==",
      "license": "MIT"
    },
    "node_modules/lodash.isequal": {
      "version": "4.5.0",
      "resolved": "https://registry.npmjs.org/lodash.isequal/-/lodash.isequal-4.5.0.tgz",
      "integrity": "sha512-pDo3lu8Jhfjqls6GkMgpahsF9kCyayhgykjyLMNFTKWrpVdAQtYyB4muAMWozBB4ig/dtWAmsMxLEI8wuz+DYQ==",
      "license": "MIT"
    },
    "node_modules/mime-db": {
      "version": "1.52.0",
      "resolved": "https://registry.npmjs.org/mime-db/-/mime-db-1.52.0.tgz",
      "integrity": "sha512-sPU4uV7dYlvtWJxwwxHD0PuihVNiE7TyAbQ5SWxDCB9mUYvOgroQOwYQQOKPJ8CIbE+1ETVlOoK1UC2nU3gYvg==",
      "license": "MIT",
      "engines": {
        "node": ">= 0.6"
      }
    },
    "node_modules/mime-types": {
      "version": "2.1.35",
      "resolved": "https://registry.npmjs.org/mime-types/-/mime-types-2.1.35.tgz",
      "integrity": "sha512-ZDY+bPm5zTTF+YpCrAU9nK0UgICYPT0QtT1NZWFv4s++TNkcgVaT0g6+4R2uI4MjQjzysHB1zxuWL50hzaeXiw==",
      "license": "MIT",
      "dependencies": {
        "mime-db": "1.52.0"
      },
      "engines": {
        "node": ">= 0.6"
      }
    },
    "node_modules/node-releases": {
      "version": "2.0.18",
      "resolved": "https://registry.npmjs.org/node-releases/-/node-releases-2.0.18.tgz",
      "integrity": "sha512-d9VeXT4SJ7ZeOqGX6R5EM022wpL+eWPooLI+5UpWn2jCT1aosUQEhQP214x33Wkwx3JQMvIm+tIoVOdodFS40g==",
      "license": "MIT"
    },
    "node_modules/nth-check": {
      "version": "2.1.1",
      "resolved": "https://registry.npmjs.org/nth-check/-/nth-check-2.1.1.tgz",
      "integrity": "sha512-lqjrjmaOoAnWfMmBPL+XNnynZh2+swxiX3WUE0s4yEHI6m+AwrK2UZOimIRl3X/4QctVqS8AiZjFqyOGrMXb/w==",
      "license": "BSD-2-Clause",
      "dependencies": {
        "boolbase": "^1.0.0"
      },
      "funding": {
        "url": "https://github.com/fb55/nth-check?sponsor=1"
      }
    },
    "node_modules/oauth-sign": {
      "version": "0.9.0",
      "resolved": "https://registry.npmjs.org/oauth-sign/-/oauth-sign-0.9.0.tgz",
      "integrity": "sha512-fexhUFFPTGV8ybAtSIGbV6gOkSv8UtRbDBnAyLQw4QPKkgNlsH2ByPGtMUqdWkos6YCRmAqViwgZrJc/mRDzZQ==",
      "license": "Apache-2.0",
      "engines": {
        "node": "*"
      }
    },
    "node_modules/ow": {
      "version": "0.28.2",
      "resolved": "https://registry.npmjs.org/ow/-/ow-0.28.2.tgz",
      "integrity": "sha512-dD4UpyBh/9m4X2NVjA+73/ZPBRF+uF4zIMFvvQsabMiEK8x41L3rQ8EENOi35kyyoaJwNxEeJcP6Fj1H4U409Q==",
      "license": "MIT",
      "dependencies": {
        "@sindresorhus/is": "^4.2.0",
        "callsites": "^3.1.0",
        "dot-prop": "^6.0.1",
        "lodash.isequal": "^4.5.0",
        "vali-date": "^1.0.0"
      },
      "engines": {
        "node": ">=12"
      },
      "funding": {
        "url": "https://github.com/sponsors/sindresorhus"
      }
    },
    "node_modules/parse5": {
      "version": "7.1.2",
      "resolved": "https://registry.npmjs.org/parse5/-/parse5-7.1.2.tgz",
      "integrity": "sha512-Czj1WaSVpaoj0wbhMzLmWD69anp2WH7FXMB9n1Sy8/ZFF9jolSQVMu1Ij5WIyGmcBmhk7EOndpO4mIpihVqAXw==",
      "license": "MIT",
      "dependencies": {
        "entities": "^4.4.0"
      },
      "funding": {
        "url": "https://github.com/inikulin/parse5?sponsor=1"
      }
    },
    "node_modules/parse5-htmlparser2-tree-adapter": {
      "version": "7.0.0",
      "resolved": "https://registry.npmjs.org/parse5-htmlparser2-tree-adapter/-/parse5-htmlparser2-tree-adapter-7.0.0.tgz",
      "integrity": "sha512-B77tOZrqqfUfnVcOrUvfdLbz4pu4RopLD/4vmu3HUPswwTA8OH0EMW9BlWR2B0RCoiZRAHEUu7IxeP1Pd1UU+g==",
      "license": "MIT",
      "dependencies": {
        "domhandler": "^5.0.2",
        "parse5": "^7.0.0"
      },
      "funding": {
        "url": "https://github.com/inikulin/parse5?sponsor=1"
      }
    },
    "node_modules/parse5-parser-stream": {
      "version": "7.1.2",
      "resolved": "https://registry.npmjs.org/parse5-parser-stream/-/parse5-parser-stream-7.1.2.tgz",
      "integrity": "sha512-JyeQc9iwFLn5TbvvqACIF/VXG6abODeB3Fwmv/TGdLk2LfbWkaySGY72at4+Ty7EkPZj854u4CrICqNk2qIbow==",
      "license": "MIT",
      "dependencies": {
        "parse5": "^7.0.0"
      },
      "funding": {
        "url": "https://github.com/inikulin/parse5?sponsor=1"
      }
    },
    "node_modules/performance-now": {
      "version": "2.1.0",
      "resolved": "https://registry.npmjs.org/performance-now/-/performance-now-2.1.0.tgz",
      "integrity": "sha512-7EAHlyLHI56VEIdK57uwHdHKIaAGbnXPiw0yWbarQZOKaKpvUIgW0jWRVLiatnM+XXlSwsanIBH/hzGMJulMow==",
      "license": "MIT"
    },
    "node_modules/picocolors": {
      "version": "1.1.0",
      "resolved": "https://registry.npmjs.org/picocolors/-/picocolors-1.1.0.tgz",
      "integrity": "sha512-TQ92mBOW0l3LeMeyLV6mzy/kWr8lkd/hp3mTg7wYK7zJhuBStmGMBG0BdeDZS/dZx1IukaX6Bk11zcln25o1Aw==",
      "license": "ISC"
    },
    "node_modules/proxy-from-env": {
      "version": "1.1.0",
      "resolved": "https://registry.npmjs.org/proxy-from-env/-/proxy-from-env-1.1.0.tgz",
      "integrity": "sha512-D+zkORCbA9f1tdWRK0RaCR3GPv50cMxcrz4X8k5LTSUD1Dkw47mKJEZQNunItRTkWwgtaUSo1RVFRIG9ZXiFYg==",
      "license": "MIT"
    },
    "node_modules/psl": {
      "version": "1.9.0",
      "resolved": "https://registry.npmjs.org/psl/-/psl-1.9.0.tgz",
      "integrity": "sha512-E/ZsdU4HLs/68gYzgGTkMicWTLPdAftJLfJFlLUAAKZGkStNU72sZjT66SnMDVOfOWY/YAoiD7Jxa9iHvngcag==",
      "license": "MIT"
    },
    "node_modules/punycode": {
      "version": "2.3.1",
      "resolved": "https://registry.npmjs.org/punycode/-/punycode-2.3.1.tgz",
      "integrity": "sha512-vYt7UD1U9Wg6138shLtLOvdAu+8DsC/ilFtEVHcH+wydcSpNE20AfSOduf6MkRFahL5FY7X1oU7nKVZFtfq8Fg==",
      "license": "MIT",
      "engines": {
        "node": ">=6"
      }
    },
    "node_modules/qs": {
      "version": "6.5.3",
      "resolved": "https://registry.npmjs.org/qs/-/qs-6.5.3.tgz",
      "integrity": "sha512-qxXIEh4pCGfHICj1mAJQ2/2XVZkjCDTcEgfoSQxc/fYivUZxTkk7L3bDBJSoNrEzXI17oUO5Dp07ktqE5KzczA==",
      "license": "BSD-3-Clause",
      "engines": {
        "node": ">=0.6"
      }
    },
    "node_modules/random-seed": {
      "version": "0.3.0",
      "resolved": "https://registry.npmjs.org/random-seed/-/random-seed-0.3.0.tgz",
      "integrity": "sha512-y13xtn3kcTlLub3HKWXxJNeC2qK4mB59evwZ5EkeRlolx+Bp2ztF7LbcZmyCnOqlHQrLnfuNbi1sVmm9lPDlDA==",
      "license": "MIT",
      "dependencies": {
        "json-stringify-safe": "^5.0.1"
      },
      "engines": {
        "node": ">= 0.6.0"
      }
    },
    "node_modules/random-useragent": {
      "version": "0.5.0",
      "resolved": "https://registry.npmjs.org/random-useragent/-/random-useragent-0.5.0.tgz",
      "integrity": "sha512-FUMkqVdZeoSff5tErNL3FFGYXElDWZ1bEuedhm5u9MdCFwANriJWbHvDRYrLTOzp/fBsBGu5J1cWtDgifa97aQ==",
      "license": "MIT",
      "dependencies": {
        "random-seed": "^0.3.0"
      }
    },
    "node_modules/randombytes": {
      "version": "2.0.3",
      "resolved": "https://registry.npmjs.org/randombytes/-/randombytes-2.0.3.tgz",
      "integrity": "sha512-lDVjxQQFoCG1jcrP06LNo2lbWp4QTShEXnhActFBwYuHprllQV6VUpwreApsYqCgD+N1mHoqJ/BI/4eV4R2GYg==",
      "license": "MIT"
    },
    "node_modules/randomstring": {
      "version": "1.3.0",
      "resolved": "https://registry.npmjs.org/randomstring/-/randomstring-1.3.0.tgz",
      "integrity": "sha512-gY7aQ4i1BgwZ8I1Op4YseITAyiDiajeZOPQUbIq9TPGPhUm5FX59izIaOpmKbME1nmnEiABf28d9K2VSii6BBg==",
      "license": "MIT",
      "dependencies": {
        "randombytes": "2.0.3"
      },
      "bin": {
        "randomstring": "bin/randomstring"
      },
      "engines": {
        "node": "*"
      }
    },
    "node_modules/request": {
      "version": "2.88.2",
      "resolved": "https://registry.npmjs.org/request/-/request-2.88.2.tgz",
      "integrity": "sha512-MsvtOrfG9ZcrOwAW+Qi+F6HbD0CWXEh9ou77uOb7FM2WPhwT7smM833PzanhJLsgXjN89Ir6V2PczXNnMpwKhw==",
      "deprecated": "request has been deprecated, see https://github.com/request/request/issues/3142",
      "license": "Apache-2.0",
      "dependencies": {
        "aws-sign2": "~0.7.0",
        "aws4": "^1.8.0",
        "caseless": "~0.12.0",
        "combined-stream": "~1.0.6",
        "extend": "~3.0.2",
        "forever-agent": "~0.6.1",
        "form-data": "~2.3.2",
        "har-validator": "~5.1.3",
        "http-signature": "~1.2.0",
        "is-typedarray": "~1.0.0",
        "isstream": "~0.1.2",
        "json-stringify-safe": "~5.0.1",
        "mime-types": "~2.1.19",
        "oauth-sign": "~0.9.0",
        "performance-now": "^2.1.0",
        "qs": "~6.5.2",
        "safe-buffer": "^5.1.2",
        "tough-cookie": "~2.5.0",
        "tunnel-agent": "^0.6.0",
        "uuid": "^3.3.2"
      },
      "engines": {
        "node": ">= 6"
      }
    },
    "node_modules/request/node_modules/form-data": {
      "version": "2.3.3",
      "resolved": "https://registry.npmjs.org/form-data/-/form-data-2.3.3.tgz",
      "integrity": "sha512-1lLKB2Mu3aGP1Q/2eCOx0fNbRMe7XdwktwOruhfqqd0rIJWwN4Dh+E3hrPSlDCXnSR7UtZ1N38rVXm+6+MEhJQ==",
      "license": "MIT",
      "dependencies": {
        "asynckit": "^0.4.0",
        "combined-stream": "^1.0.6",
        "mime-types": "^2.1.12"
      },
      "engines": {
        "node": ">= 0.12"
      }
    },
    "node_modules/request/node_modules/uuid": {
      "version": "3.4.0",
      "resolved": "https://registry.npmjs.org/uuid/-/uuid-3.4.0.tgz",
      "integrity": "sha512-HjSDRw6gZE5JMggctHBcjVak08+KEVhSIiDzFnT9S9aegmp85S/bReBVTb4QTFaRNptJ9kuYaNhnbNEOkbKb/A==",
      "deprecated": "Please upgrade  to version 7 or higher.  Older versions may use Math.random() in certain circumstances, which is known to be problematic.  See https://v8.dev/blog/math-random for details.",
      "license": "MIT",
      "bin": {
        "uuid": "bin/uuid"
      }
    },
    "node_modules/safe-buffer": {
      "version": "5.2.1",
      "resolved": "https://registry.npmjs.org/safe-buffer/-/safe-buffer-5.2.1.tgz",
      "integrity": "sha512-rp3So07KcdmmKbGvgaNxQSJr7bGVSVk5S9Eq1F+ppbRo70+YeaDxkw5Dd8NPN+GD6bjnYm2VuPuCXmpuYvmCXQ==",
      "funding": [
        {
          "type": "github",
          "url": "https://github.com/sponsors/feross"
        },
        {
          "type": "patreon",
          "url": "https://www.patreon.com/feross"
        },
        {
          "type": "consulting",
          "url": "https://feross.org/support"
        }
      ],
      "license": "MIT"
    },
    "node_modules/safer-buffer": {
      "version": "2.1.2",
      "resolved": "https://registry.npmjs.org/safer-buffer/-/safer-buffer-2.1.2.tgz",
      "integrity": "sha512-YZo3K82SD7Riyi0E1EQPojLz7kpepnSQI9IyPbHHg1XXXevb5dJI7tpyN2ADxGcQbHG7vcyRHk0cbwqcQriUtg==",
      "license": "MIT"
    },
    "node_modules/set-cookie-parser": {
      "version": "2.7.0",
      "resolved": "https://registry.npmjs.org/set-cookie-parser/-/set-cookie-parser-2.7.0.tgz",
      "integrity": "sha512-lXLOiqpkUumhRdFF3k1osNXCy9akgx/dyPZ5p8qAg9seJzXr5ZrlqZuWIMuY6ejOsVLE6flJ5/h3lsn57fQ/PQ==",
      "license": "MIT"
    },
    "node_modules/sshpk": {
      "version": "1.18.0",
      "resolved": "https://registry.npmjs.org/sshpk/-/sshpk-1.18.0.tgz",
      "integrity": "sha512-2p2KJZTSqQ/I3+HX42EpYOa2l3f8Erv8MWKsy2I9uf4wA7yFIkXRffYdsx86y6z4vHtV8u7g+pPlr8/4ouAxsQ==",
      "license": "MIT",
      "dependencies": {
        "asn1": "~0.2.3",
        "assert-plus": "^1.0.0",
        "bcrypt-pbkdf": "^1.0.0",
        "dashdash": "^1.12.0",
        "ecc-jsbn": "~0.1.1",
        "getpass": "^0.1.1",
        "jsbn": "~0.1.0",
        "safer-buffer": "^2.0.2",
        "tweetnacl": "~0.14.0"
      },
      "bin": {
        "sshpk-conv": "bin/sshpk-conv",
        "sshpk-sign": "bin/sshpk-sign",
        "sshpk-verify": "bin/sshpk-verify"
      },
      "engines": {
        "node": ">=0.10.0"
      }
    },
    "node_modules/supports-color": {
      "version": "7.2.0",
      "resolved": "https://registry.npmjs.org/supports-color/-/supports-color-7.2.0.tgz",
      "integrity": "sha512-qpCAvRl9stuOHveKsn7HncJRvv501qIacKzQlO/+Lwxc9+0q2wLyv4Dfvt80/DPn2pqOBsJdDiogXGR9+OvwRw==",
      "license": "MIT",
      "dependencies": {
        "has-flag": "^4.0.0"
      },
      "engines": {
        "node": ">=8"
      }
    },
    "node_modules/tinycolor2": {
      "version": "1.6.0",
      "resolved": "https://registry.npmjs.org/tinycolor2/-/tinycolor2-1.6.0.tgz",
      "integrity": "sha512-XPaBkWQJdsf3pLKJV9p4qN/S+fm2Oj8AIPo1BTUhg5oxkvm9+SVEGFdhyOz7tTdUTfvxMiAs4sp6/eZO2Ew+pw==",
      "license": "MIT"
    },
    "node_modules/tinygradient": {
      "version": "1.1.5",
      "resolved": "https://registry.npmjs.org/tinygradient/-/tinygradient-1.1.5.tgz",
      "integrity": "sha512-8nIfc2vgQ4TeLnk2lFj4tRLvvJwEfQuabdsmvDdQPT0xlk9TaNtpGd6nNRxXoK6vQhN6RSzj+Cnp5tTQmpxmbw==",
      "license": "MIT",
      "dependencies": {
        "@types/tinycolor2": "^1.4.0",
        "tinycolor2": "^1.0.0"
      }
    },
    "node_modules/tough-cookie": {
      "version": "2.5.0",
      "resolved": "https://registry.npmjs.org/tough-cookie/-/tough-cookie-2.5.0.tgz",
      "integrity": "sha512-nlLsUzgm1kfLXSXfRZMc1KLAugd4hqJHDTvc2hDIwS3mZAfMEuMbc03SujMF+GEcpaX/qboeycw6iO8JwVv2+g==",
      "license": "BSD-3-Clause",
      "dependencies": {
        "psl": "^1.1.28",
        "punycode": "^2.1.1"
      },
      "engines": {
        "node": ">=0.8"
      }
    },
    "node_modules/tslib": {
      "version": "2.7.0",
      "resolved": "https://registry.npmjs.org/tslib/-/tslib-2.7.0.tgz",
      "integrity": "sha512-gLXCKdN1/j47AiHiOkJN69hJmcbGTHI0ImLmbYLHykhgeN0jVGola9yVjFgzCUklsZQMW55o+dW7IXv3RCXDzA==",
      "license": "0BSD"
    },
    "node_modules/tunnel-agent": {
      "version": "0.6.0",
      "resolved": "https://registry.npmjs.org/tunnel-agent/-/tunnel-agent-0.6.0.tgz",
      "integrity": "sha512-McnNiV1l8RYeY8tBgEpuodCC1mLUdbSN+CYBL7kJsJNInOP8UjDDEwdk6Mw60vdLLrr5NHKZhMAOSrR2NZuQ+w==",
      "license": "Apache-2.0",
      "dependencies": {
        "safe-buffer": "^5.0.1"
      },
      "engines": {
        "node": "*"
      }
    },
    "node_modules/tweetnacl": {
      "version": "0.14.5",
      "resolved": "https://registry.npmjs.org/tweetnacl/-/tweetnacl-0.14.5.tgz",
      "integrity": "sha512-KXXFFdAbFXY4geFIwoyNK+f5Z1b7swfXABfL7HXCmoIWMKU3dmS26672A4EeQtDzLKy7SXmfBu51JolvEKwtGA==",
      "license": "Unlicense"
    },
    "node_modules/undici": {
      "version": "6.19.8",
      "resolved": "https://registry.npmjs.org/undici/-/undici-6.19.8.tgz",
      "integrity": "sha512-U8uCCl2x9TK3WANvmBavymRzxbfFYG+tAu+fgx3zxQy3qdagQqBLwJVrdyO1TBfUXvfKveMKJZhpvUYoOjM+4g==",
      "license": "MIT",
      "engines": {
        "node": ">=18.17"
      }
    },
    "node_modules/update-browserslist-db": {
      "version": "1.1.0",
      "resolved": "https://registry.npmjs.org/update-browserslist-db/-/update-browserslist-db-1.1.0.tgz",
      "integrity": "sha512-EdRAaAyk2cUE1wOf2DkEhzxqOQvFOoRJFNS6NeyJ01Gp2beMRpBAINjM2iDXE3KCuKhwnvHIQCJm6ThL2Z+HzQ==",
      "funding": [
        {
          "type": "opencollective",
          "url": "https://opencollective.com/browserslist"
        },
        {
          "type": "tidelift",
          "url": "https://tidelift.com/funding/github/npm/browserslist"
        },
        {
          "type": "github",
          "url": "https://github.com/sponsors/ai"
        }
      ],
      "license": "MIT",
      "dependencies": {
        "escalade": "^3.1.2",
        "picocolors": "^1.0.1"
      },
      "bin": {
        "update-browserslist-db": "cli.js"
      },
      "peerDependencies": {
        "browserslist": ">= 4.21.0"
      }
    },
    "node_modules/uri-js": {
      "version": "4.4.1",
      "resolved": "https://registry.npmjs.org/uri-js/-/uri-js-4.4.1.tgz",
      "integrity": "sha512-7rKUyy33Q1yc98pQ1DAmLtwX109F7TIfWlW1Ydo8Wl1ii1SeHieeh0HHfPeL2fMXK6z0s8ecKs9frCuLJvndBg==",
      "license": "BSD-2-Clause",
      "dependencies": {
        "punycode": "^2.1.0"
      }
    },
    "node_modules/user-agents": {
      "version": "1.1.323",
      "resolved": "https://registry.npmjs.org/user-agents/-/user-agents-1.1.323.tgz",
      "integrity": "sha512-PVJyqkYTPvoCkHFeKXo/ANefMcZ32tUlu5PSHd8DzF+f1Rr4yRfOkvA7fKN5jlXbDI8ub3C2JsqK1pjUgDeiyg==",
      "license": "BSD-2-Clause",
      "dependencies": {
        "lodash.clonedeep": "^4.5.0"
      }
    },
    "node_modules/uuid": {
      "version": "10.0.0",
      "resolved": "https://registry.npmjs.org/uuid/-/uuid-10.0.0.tgz",
      "integrity": "sha512-8XkAphELsDnEGrDxUOHB3RGvXz6TeuYSGEZBOjtTtPm2lwhGBjLgOzLHB63IUWfBpNucQjND6d3AOudO+H3RWQ==",
      "funding": [
        "https://github.com/sponsors/broofa",
        "https://github.com/sponsors/ctavan"
      ],
      "license": "MIT",
      "bin": {
        "uuid": "dist/bin/uuid"
      }
    },
    "node_modules/vali-date": {
      "version": "1.0.0",
      "resolved": "https://registry.npmjs.org/vali-date/-/vali-date-1.0.0.tgz",
      "integrity": "sha512-sgECfZthyaCKW10N0fm27cg8HYTFK5qMWgypqkXMQ4Wbl/zZKx7xZICgcoxIIE+WFAP/MBL2EFwC/YvLxw3Zeg==",
      "license": "MIT",
      "engines": {
        "node": ">=0.10.0"
      }
    },
    "node_modules/verror": {
      "version": "1.10.0",
      "resolved": "https://registry.npmjs.org/verror/-/verror-1.10.0.tgz",
      "integrity": "sha512-ZZKSmDAEFOijERBLkmYfJ+vmk3w+7hOLYDNkRCuRuMJGEmqYNCNLyBBFwWKVMhfwaEF3WOd0Zlw86U/WC/+nYw==",
      "engines": [
        "node >=0.6.0"
      ],
      "license": "MIT",
      "dependencies": {
        "assert-plus": "^1.0.0",
        "core-util-is": "1.0.2",
        "extsprintf": "^1.2.0"
      }
    },
    "node_modules/whatwg-encoding": {
      "version": "3.1.1",
      "resolved": "https://registry.npmjs.org/whatwg-encoding/-/whatwg-encoding-3.1.1.tgz",
      "integrity": "sha512-6qN4hJdMwfYBtE3YBTTHhoeuUrDBPZmbQaxWAqSALV/MeEnR5z1xd8UKud2RAkFoPkmB+hli1TZSnyi84xz1vQ==",
      "license": "MIT",
      "dependencies": {
        "iconv-lite": "0.6.3"
      },
      "engines": {
        "node": ">=18"
      }
    },
    "node_modules/whatwg-mimetype": {
      "version": "4.0.0",
      "resolved": "https://registry.npmjs.org/whatwg-mimetype/-/whatwg-mimetype-4.0.0.tgz",
      "integrity": "sha512-QaKxh0eNIi2mE9p2vEdzfagOKHCcj1pJ56EEHGQOVxp8r9/iszLUUV7v89x9O1p/T+NlTM5W7jW6+cz4Fq1YVg==",
      "license": "MIT",
      "engines": {
        "node": ">=18"
      }
    }
  }
}
